STATE/UT,YEAR,JANUARY,FEBRUARY,MARCH,APRIL,MAY,JUNE,JULY,AUGUST,SEPTEMBER,OCTOBER,NOVEMBER,DECEMBER,TOTAL
A & N Islands,2001,8,23,15,15,14,19,14,19,7,12,13,22,181
A & N Islands,2002,12,10,14,16,10,7,16,11,23,21,11,17,168
A & N Islands,2003,19,13,15,13,13,12,8,16,17,25,14,15,180
A & N Islands,2004,21,14,22,17,13,18,16,19,16,20,15,24,215
A & N Islands,2005,19,21,22,17,13,19,21,14,15,19,10,16,206
A & N Islands,2006,21,13,4,22,9,14,12,14,8,14,6,18,155
A & N Islands,2007,17,16,12,22,12,14,8,10,11,7,11,12,152
A & N Islands,2008,17,22,15,16,15,17,13,11,13,17,11,24,191
A & N Islands,2009,16,23,23,21,21,19,24,25,31,22,20,26,271
A & N Islands,2010,16,30,28,15,29,24,22,18,25,30,27,21,285
A & N Islands,2011,24,10,19,24,13,28,17,18,25,17,18,22,235
A & N Islands,2012,25,15,24,24,18,16,17,18,18,25,17,19,236
A & N Islands,2013,24,23,16,15,13,16,14,25,14,15,14,11,200
A & N Islands,2014,25,13,19,19,18,15,15,16,15,23,18,22,218
A & N Islands,2015,27,23,23,17,25,26,18,15,26,15,23,20,258
A & N Islands,2016,19,15,23,24,25,13,19,26,19,15,21,19,238
A & N Islands,2017,22,21,12,17,10,16,9,17,15,17,20,13,189
A & N Islands,2018,,,,,,,,,,,,,0
A & N Islands,2019,17,14,29,25,14,23,22,14,15,18,20,19,230
A & N Islands,2020,3,1,1,0,0,0,3,0,0,10,8,13,39
A & N Islands,2021,14,9,12,11,6,3,13,10,10,3,11,13,115
Andhra Pradesh,2001,2204,2437,2405,2351,2550,2284,2025,2077,2070,2276,2122,2387,27188
Andhra Pradesh,2002,2492,2453,2835,2786,3195,2880,2645,2607,2555,2624,2646,2859,32577
Andhra Pradesh,2003,2783,2569,2870,2635,3265,2924,2657,2934,2767,2881,3037,3215,34537
Andhra Pradesh,2004,3019,3131,3211,3100,3257,2942,2827,3079,2972,3041,3129,3370,37078
Andhra Pradesh,2005,3189,3193,3182,3056,3612,3247,2907,3028,2742,2928,2975,3230,37289
Andhra Pradesh,2006,3568,3224,3496,3634,3962,3400,3334,3311,3232,3306,3268,3588,41323
Andhra Pradesh,2007,3978,3530,3728,3842,4099,3594,3519,3348,3246,3447,3617,3646,43594
Andhra Pradesh,2008,3594,3468,3848,3967,3811,3391,3260,3324,3169,3352,3319,3603,42106
Andhra Pradesh,2009,3682,3494,3775,3450,4048,3763,3412,3488,3017,3253,3298,3331,42011
Andhra Pradesh,2010,3515,3434,3749,3857,3960,3765,3206,3416,3115,3439,3397,3575,42428
Andhra Pradesh,2011,3540,3195,3584,3396,3916,3793,3237,3106,3067,3398,3442,3392,41066
Andhra Pradesh,2012,3347,3390,3693,3589,3250,3187,3160,3177,2893,3205,2985,3468,39344
Andhra Pradesh,2013,3732,3482,3715,3648,4531,3736,3018,3465,3450,3137,3432,3702,43048
Andhra Pradesh,2014,3809,3657,3641,3582,3986,3664,3167,3587,3225,3410,3346,4158,43232
Andhra Pradesh,2015,2276,1994,2148,2116,2291,1916,2108,1813,1774,1942,1753,2127,24258
Andhra Pradesh,2016,2142,2063,2222,2288,2130,1937,1931,2157,1895,2025,1900,2108,24798
Andhra Pradesh,2017,2132,1876,2126,2026,2203,2213,1923,2061,2025,2012,2548,2582,25727
Andhra Pradesh,2018,,,,,,,,,,,,,0
Andhra Pradesh,2019,"1,891","1,774","1,884","1,905","1,955","1,911","1,799","1,822","1,551","1,701","1,788","2,011",21992
Andhra Pradesh,2020,"2,003","2,003","1,621",510,209,450,"1,319","1,492","1,699","1,855","2,249","2,198",17608
Andhra Pradesh,2021,"2,120","1,845","1,906","1,703","1,233","1,594","1,792","1,968","1,815",1924,"1,649","2,007",21556
Arunachal Pradesh,2001,19,17,21,16,19,14,21,14,23,17,30,25,236
Arunachal Pradesh,2002,25,16,21,23,16,19,11,17,18,21,25,23,235
Arunachal Pradesh,2003,16,24,22,13,18,17,19,21,23,18,16,22,229
Arunachal Pradesh,2004,23,24,23,11,15,11,14,8,21,29,17,21,217
Arunachal Pradesh,2005,26,14,29,12,17,20,20,14,19,21,24,21,237
Arunachal Pradesh,2006,14,20,17,19,20,31,11,25,18,25,21,22,243
Arunachal Pradesh,2007,22,20,26,19,25,19,14,15,22,18,11,19,230
Arunachal Pradesh,2008,20,21,18,16,33,24,13,18,27,20,24,27,261
Arunachal Pradesh,2009,20,21,18,16,33,24,13,18,27,20,24,27,261
Arunachal Pradesh,2010,31,33,20,26,28,23,14,15,18,20,23,29,280
Arunachal Pradesh,2011,22,24,30,22,29,9,28,22,16,25,15,21,263
Arunachal Pradesh,2012,17,21,24,16,11,13,20,18,14,16,20,14,204
Arunachal Pradesh,2013,23,33,16,23,25,27,27,28,24,25,29,28,308
Arunachal Pradesh,2014,28,10,10,21,9,12,13,14,14,15,22,17,185
Arunachal Pradesh,2015,30,24,26,24,21,26,24,18,19,25,22,25,284
Arunachal Pradesh,2016,41,28,18,20,13,23,21,13,15,20,16,21,249
Arunachal Pradesh,2017,27,12,18,21,16,20,16,21,16,19,26,29,241
Arunachal Pradesh,2018,,,,,,,,,,,,,0
Arunachal Pradesh,2019,23,18,19,20,20,18,22,23,18,12,17,27,237
Arunachal Pradesh,2020,11,14,13,4,3,5,7,6,6,14,17,24,124
Arunachal Pradesh,2021,28,30,19,23,16,14,18,20,25,29,25,36,283
Assam,2001,141,127,202,173,176,137,140,160,132,140,132,146,1806
Assam,2002,196,210,185,159,182,163,144,237,180,180,222,185,2243
Assam,2003,194,143,193,180,169,180,162,167,205,188,180,184,2145
Assam,2004,183,172,170,160,176,168,118,170,157,167,182,179,2002
Assam,2005,307,334,317,287,306,308,297,354,286,311,287,262,3656
Assam,2006,297,333,365,318,363,352,370,289,335,325,378,355,4080
Assam,2007,383,358,392,395,375,331,299,305,296,308,275,278,3995
Assam,2008,375,381,399,363,339,326,371,370,344,308,346,340,4262
Assam,2009,388,385,400,377,394,376,393,331,387,405,367,382,4585
Assam,2010,418,450,496,452,396,416,455,454,504,525,451,468,5485
Assam,2011,554,545,607,515,518,557,502,515,532,551,590,583,6569
Assam,2012,590,599,605,601,567,536,486,458,418,544,543,588,6535
Assam,2013,634,555,603,632,595,580,535,552,601,697,635,592,7211
Assam,2014,658,615,689,612,566,531,573,528,460,670,638,604,7144
Assam,2015,653,647,635,551,617,617,559,559,538,655,498,430,6959
Assam,2016,726,642,678,609,652,552,541,543,553,640,572,727,7435
Assam,2017,670,692,702,612,607,571,663,554,582,633,649,235,7170
Assam,2018,,,,,,,,,,,,,0
Assam,2019,774,785,800,668,702,704,586,598,695,675,661,702,8350
Assam,2020,810,809,649,111,38,156,409,432,494,623,670,731,5932
Assam,2021,734,776,743,695,522,412,446,540,547,641,689,666,7411
Bihar,2001,325,361,474,336,528,417,329,336,317,289,317,305,4334
Bihar,2002,380,366,401,391,560,477,362,303,227,290,326,289,4372
Bihar,2003,337,340,368,359,440,429,326,241,255,263,258,286,3902
Bihar,2004,296,349,407,308,413,392,253,258,320,290,297,307,3890
Bihar,2005,262,254,354,340,463,381,310,263,241,255,301,322,3746
Bihar,2006,306,348,395,389,439,386,363,341,320,381,380,334,4382
Bihar,2007,443,464,505,518,635,551,438,375,347,427,484,444,5631
Bihar,2008,447,485,612,583,621,529,441,465,422,487,591,497,6180
Bihar,2009,543,706,754,595,925,911,712,592,574,634,699,721,8366
Bihar,2010,610,698,722,650,833,1034,723,689,546,606,665,665,8441
Bihar,2011,750,808,964,737,964,880,769,644,618,759,773,689,9355
Bihar,2012,799,905,915,1027,909,1003,822,787,728,763,837,825,10320
Bihar,2013,800,792,815,813,1269,913,882,758,735,765,845,811,10198
Bihar,2014,777,742,852,714,985,1002,757,662,685,720,829,806,9531
Bihar,2015,675,741,817,837,1124,916,727,721,667,637,776,917,9555
Bihar,2016,680,709,849,774,676,718,664,588,579,610,728,647,8222
Bihar,2017,673,726,756,792,1007,926,697,570,605,664,749,690,8855
Bihar,2018,,,,,,,,,,,,,0
Bihar,2019,832,764,967,816,"1,073","1,041",780,764,599,689,851,831,10007
Bihar,2020,759,857,726,305,203,403,672,706,741,693,785,"1,022",7872
Bihar,2021,848,888,839,835,795,811,723,687,732,753,819,823,9553
Chandigarh,2001,48,25,34,47,48,46,34,31,53,37,38,52,493
Chandigarh,2002,33,42,47,42,39,34,45,46,39,38,41,48,494
Chandigarh,2003,43,35,38,40,36,32,29,36,39,43,41,31,443
Chandigarh,2004,27,36,40,23,36,26,29,34,40,37,45,38,411
Chandigarh,2005,46,38,32,27,43,44,41,50,56,52,55,44,528
Chandigarh,2006,52,42,43,42,51,42,31,43,45,46,34,50,521
Chandigarh,2007,36,39,50,39,48,35,45,48,55,60,48,33,536
Chandigarh,2008,38,34,46,45,42,39,38,46,36,42,34,37,477
Chandigarh,2009,35,32,41,25,26,29,37,35,50,38,40,36,424
Chandigarh,2010,31,39,40,35,31,33,31,30,36,54,44,52,456
Chandigarh,2011,27,46,40,37,49,35,35,27,26,45,24,50,441
Chandigarh,2012,34,41,29,40,26,30,36,43,30,35,35,33,412
Chandigarh,2013,36,27,38,43,40,34,38,31,30,31,37,24,409
Chandigarh,2014,35,22,31,40,32,25,22,32,38,31,28,30,366
Chandigarh,2015,39,38,44,30,26,34,29,24,40,30,41,41,416
Chandigarh,2016,47,35,34,36,35,29,32,34,33,44,36,33,428
Chandigarh,2017,35,25,33,37,21,25,34,22,24,32,34,20,342
Chandigarh,2018,,,,,,,,,,,,,0
Chandigarh,2019,30,21,22,22,25,26,25,36,14,27,29,28,305
Chandigarh,2020,6,6,3,4,1,3,3,6,3,18,14,15,82
Chandigarh,2021,20,16,23,15,11,13,19,18,19,16,15,23,208
Chhattisgarh,2001,428,385,403,448,504,425,367,371,400,425,393,438,4987
Chhattisgarh,2002,477,439,522,511,584,468,434,444,448,515,453,506,5801
Chhattisgarh,2003,649,565,589,647,629,613,586,524,501,595,543,582,7023
Chhattisgarh,2004,553,532,534,586,592,501,409,437,439,532,483,477,6075
Chhattisgarh,2005,472,513,537,513,566,530,558,421,435,496,483,472,5996
Chhattisgarh,2006,624,611,607,631,710,598,534,534,507,575,607,573,7111
Chhattisgarh,2007,787,632,638,729,701,630,619,544,642,660,599,656,7837
Chhattisgarh,2008,773,712,746,859,848,704,659,589,706,783,655,735,8769
Chhattisgarh,2009,721,689,643,689,710,670,639,595,617,642,659,639,7913
Chhattisgarh,2010,670,627,671,652,705,612,655,606,605,684,655,660,7802
Chhattisgarh,2011,868,795,804,725,903,793,747,660,636,770,723,771,9195
Chhattisgarh,2012,1253,1161,1175,1188,1182,1121,1103,990,1016,1107,1084,1131,13511
Chhattisgarh,2013,1384,1269,1288,1139,1209,1131,1025,1029,1005,1042,1046,1090,13657
Chhattisgarh,2014,1167,1110,1000,1020,1149,1051,934,877,910,1005,973,944,12140
Chhattisgarh,2015,1368,1245,1262,1323,1251,1201,1112,1158,1085,1154,1172,1115,14446
Chhattisgarh,2016,1396,1252,1188,1186,1270,1109,1031,946,993,1078,1071,1060,13580
Chhattisgarh,2017,1289,1109,1151,1036,1137,1193,1022,1094,1104,1076,1164,1188,13563
Chhattisgarh,2018,,,,,,,,,,,,,0
Chhattisgarh,2019,"1,385","1,241","1,115","1,233","1,259","1,187","1,166","1,033",996,"1,097","1,123","1,064",13899
Chhattisgarh,2020,"1,375","1,262",957,286,128,290,960,908,864,"1,049","1,198","1,181",10458
Chhattisgarh,2021,"1,480","1,306","1,246",586,521,948,"1,052","1,088","1,005",1055,"1,066","1,022",12375
D & N Haveli,2001,6,11,6,8,9,7,4,7,9,8,5,7,87
D & N Haveli,2002,10,6,3,5,12,9,6,5,6,3,9,6,80
D & N Haveli,2003,6,10,6,4,8,5,1,6,4,8,8,7,73
D & N Haveli,2004,6,10,12,11,10,8,7,5,11,14,5,12,111
D & N Haveli,2005,13,13,9,3,10,16,12,11,5,10,10,15,127
D & N Haveli,2006,9,5,13,8,5,8,9,6,10,7,9,14,103
D & N Haveli,2007,12,7,14,6,7,10,8,14,14,13,0,11,116
D & N Haveli,2008,10,15,12,8,14,8,8,9,5,7,9,11,116
D & N Haveli,2009,6,5,2,3,4,4,3,3,0,4,6,5,45
D & N Haveli,2010,9,10,4,7,5,7,10,4,2,6,7,8,79
D & N Haveli,2011,12,7,6,8,9,10,6,7,8,10,7,13,103
D & N Haveli,2012,7,11,15,7,5,7,4,5,9,7,2,6,85
D & N Haveli,2013,11,5,11,8,5,7,6,8,8,9,5,8,91
D&N Haveli,2014,6,7,7,10,9,4,8,7,7,8,8,6,87
D&N Haveli,2015,4,5,6,3,9,8,6,7,3,8,5,5,69
D&N Haveli,2016,5,2,6,9,5,7,8,2,4,5,8,9,70
D&N Haveli,2017,5,2,6,9,5,7,8,2,4,5,8,9,70
D&N Haveli,2018,,,,,,,,,,,,,0
D&N Haveli,2019,7,6,6,7,5,8,4,4,5,8,4,4,68
D&N Haveli,2020,10,5,0,2,1,5,5,4,8,11,11,9,71
D&N Haveli,2021,14,15,16,7,7,6,9,9,16,11,7,23,140
Daman & Diu,2001,2,1,4,2,3,5,3,3,4,3,4,1,35
Daman & Diu,2002,5,3,8,6,4,4,10,1,5,5,5,12,68
Daman & Diu,2003,6,8,5,4,3,5,16,4,4,7,4,6,72
Daman & Diu,2004,8,2,2,2,3,6,5,3,2,3,8,3,47
Daman & Diu,2005,5,6,4,6,5,4,0,5,3,4,7,8,57
Daman & Diu,2006,6,7,4,9,9,2,4,3,2,5,5,1,57
Daman & Diu,2007,8,4,4,7,5,4,5,7,3,4,6,3,60
Daman & Diu,2008,3,2,9,9,3,1,2,2,3,5,7,4,50
Daman & Diu,2009,2,2,2,2,1,2,2,1,1,1,2,3,21
Daman & Diu,2010,6,2,0,2,4,4,2,2,4,1,3,6,36
Daman & Diu,2011,2,2,2,1,1,1,1,2,2,2,2,3,21
Daman & Diu,2012,7,3,5,5,3,4,5,1,2,1,7,7,50
Daman & Diu,2013,6,2,2,4,1,4,1,1,5,2,2,0,30
Daman & Diu,2014,6,4,3,3,2,2,0,5,1,5,2,6,39
Daman & Diu,2015,3,3,7,8,5,8,5,2,7,3,10,9,70
Daman & Diu,2016,5,2,6,9,5,7,8,2,4,5,8,9,70
Daman & Diu,2017,5,2,6,9,5,7,8,2,4,5,8,9,70
Daman & Diu,2018,,,,,,,,,,,,,0
Daman & Diu,2019,3,6,8,8,6,5,9,5,11,3,1,4,69
Daman & Diu,2020,,,,,,,,,,,,,0
Daman & Diu,2021,14,15,16,7,7,6,9,9,16,11,7,23,140
Delhi (Ut),2001,707,681,786,762,810,779,763,811,780,821,798,784,9282
Delhi (Ut),2002,695,710,847,698,702,665,768,801,706,724,669,725,8710
Delhi (Ut),2003,638,645,689,714,719,747,785,803,791,859,778,701,8869
Delhi (Ut),2004,730,746,755,719,747,766,727,793,761,778,843,745,9110
Delhi (Ut),2005,777,722,850,698,815,773,806,900,831,780,835,793,9580
Delhi (Ut),2006,718,726,868,779,796,754,846,863,804,832,865,848,9699
Delhi (Ut),2007,818,809,839,786,752,757,834,768,833,1196,921,1215,10528
Delhi (Ut),2008,698,696,780,747,713,691,731,721,707,704,671,707,8566
Delhi (Ut),2009,607,632,644,646,657,565,610,707,609,639,642,656,7614
Delhi (Ut),2010,559,574,616,569,639,545,640,600,574,614,652,638,7220
Delhi (Ut),2011,562,619,631,575,606,570,633,637,589,685,593,580,7280
Delhi (Ut),2012,540,544,570,556,554,556,571,554,658,603,625,606,6937
Delhi (Ut),2013,590,553,613,589,635,612,644,593,622,687,703,728,7569
Delhi (Ut),2014,643,698,801,632,661,658,624,744,742,687,720,700,8310
Delhi (Ut),2015,666,596,735,653,635,615,701,674,687,711,691,721,8085
Delhi (Ut),2016,615,631,693,563,597,587,649,649,596,676,535,584,7375
Delhi (Ut),2017,590,553,613,589,635,612,644,593,622,687,703,728,7569
Delhi (Ut),2018,,,,,,,,,,,,,0
Delhi (Ut),2019,516,452,496,458,474,480,466,434,438,455,488,453,5610
Delhi (Ut),2020,134,106,101,92,28,55,120,103,109,457,379,407,2091
Delhi (Ut),2021,388,369,482,297,235,351,380,425,426,429,449,489,4720
Goa,2001,124,115,111,108,131,95,95,101,108,117,122,148,1375
Goa,2002,99,100,95,113,105,74,65,95,102,113,121,119,1201
Goa,2003,173,151,151,121,166,113,99,121,116,146,166,155,1678
Goa,2004,148,127,122,130,143,104,104,120,121,120,139,164,1542
Goa,2005,93,75,88,100,100,80,64,81,79,84,110,115,1069
Goa,2006,341,323,314,300,408,268,263,272,291,303,307,359,3749
Goa,2007,365,362,332,375,392,299,245,274,335,320,353,370,4022
Goa,2008,396,350,384,354,400,309,276,326,305,340,339,400,4179
Goa,2009,389,351,370,327,370,306,279,302,324,323,371,458,4170
Goa,2010,472,411,392,393,422,307,294,346,334,381,388,434,4574
Goa,2011,486,400,370,369,421,353,307,331,312,373,395,444,4561
Goa,2012,428,317,343,332,393,328,309,357,346,339,391,405,4288
Goa,2013,418,372,380,336,361,300,291,327,376,346,376,410,4293
Goa,2014,433,359,349,349,367,354,322,324,285,312,354,422,4230
Goa,2015,393,355,353,344,389,337,352,329,315,380,401,390,4338
Goa,2016,408,363,350,327,414,315,324,305,322,387,356,433,4304
Goa,2017,377,331,356,294,316,274,295,324,259,338,341,412,3917
Goa,2018,,,,,,,,,,,,,0
Goa,2019,327,299,303,285,311,269,240,260,239,271,285,351,3440
Goa,2020,344,315,196,82,7,10,129,145,156,183,241,272,2080
Goa,2021,300,237,286,209,131,169,198,212,227,253,287,340,2849
Gujarat,2001,1657,1600,1791,1744,1935,1566,1420,1533,1448,1602,1769,1743,19808
Gujarat,2002,1652,1529,1186,1446,1840,1723,1498,1515,1434,1616,1644,1657,18740
Gujarat,2003,1616,1457,1456,1395,1780,1499,1276,1439,1404,1620,1501,1659,18102
Gujarat,2004,1669,1580,1601,1606,1771,1493,1357,1119,1471,1476,1673,1662,18478
Gujarat,2005,1586,1575,1625,1583,1928,1559,1321,1342,1292,1477,1661,1592,18541
Gujarat,2006,1706,1557,1721,1703,1950,1512,1323,1172,1423,1575,1578,1724,18944
Gujarat,2007,1898,1743,1918,1959,2169,1806,1509,1505,1613,1732,1867,1714,21433
Gujarat,2008,1843,1878,1943,1969,2091,1782,1562,1461,1471,1722,1605,1700,21027
Gujarat,2009,1742,1603,1743,1628,1937,1640,1339,1594,1613,1752,1674,1836,20101
Gujarat,2010,1892,1716,1803,1717,2042,1730,1469,1310,1391,1639,1860,1929,20498
Gujarat,2011,2626,2601,2629,2447,3056,2558,2346,2212,2169,2617,2524,2414,30199
Gujarat,2012,2549,2483,2370,2400,2486,2313,2098,2076,1948,2153,2294,2097,27267
Gujarat,2013,2357,2189,2266,2189,2405,2142,1788,1821,1848,1931,2051,2048,25035
Gujarat,2014,2023,1978,2039,1846,2127,1988,1673,1633,1506,1817,1678,1844,22152
Gujarat,2015,1965,1878,1992,1892,2127,1866,1640,1710,1811,2027,2110,2165,23183
Gujarat,2016,1948,1888,1874,1988,2103,1833,1649,1584,1603,1821,1783,1785,21859
Gujarat,2017,1536,1560,1634,1624,1742,1619,1274,1403,1519,1698,1677,1795,19081
Gujarat,2018,,,,,,,,,,,,,0
Gujarat,2019,"1,715","1,632","1,580","1,448","1,624","1,404","1,248","1,182","1,085","1,356","1,285","1,487",17046
Gujarat,2020,"1,538","1,540","1,232",346,175,312,954,974,"1,078","1,287","1,376","1,458",12270
Gujarat,2021,"1,461","1,306","1,448","1,005",989,"1,229","1,200","1,269","1,157",1343,"1,373","1,406",15186
Haryana,2001,481,506,517,543,543,520,540,509,540,542,571,561,6373
Haryana,2002,513,524,595,593,583,641,586,596,559,657,615,625,7087
Haryana,2003,468,512,534,528,581,480,545,493,542,568,662,511,6424
Haryana,2004,591,657,658,629,633,673,669,659,655,685,692,707,7908
Haryana,2005,626,514,604,598,692,634,664,682,565,704,703,696,7682
Haryana,2006,792,736,854,855,876,858,823,861,847,939,878,943,10262
Haryana,2007,825,780,839,839,881,871,859,909,873,904,834,902,10316
Haryana,2008,911,869,1001,998,951,847,899,909,910,1052,939,955,11241
Haryana,2009,808,963,982,928,973,977,931,929,875,966,1080,1015,11427
Haryana,2010,883,897,1035,936,932,933,892,925,816,998,939,975,11161
Haryana,2011,830,896,891,818,899,869,842,829,874,978,911,916,10553
Haryana,2012,759,819,865,841,841,791,799,791,761,862,870,972,9971
Haryana,2013,819,711,891,861,920,799,888,784,847,959,1025,969,10473
Haryana,2014,892,881,963,911,939,906,955,916,871,891,962,956,11043
Haryana,2015,846,872,905,936,939,933,888,890,846,1004,1058,1057,11174
Haryana,2016,813,931,971,961,897,898,907,922,959,976,1021,978,11234
Haryana,2017,920,871,967,939,958,890,923,855,925,1010,1012,988,11258
Haryana,2018,,,,,,,,,,,,,0
Haryana,2019,934,810,994,934,929,890,909,881,859,949,918,937,10944
Haryana,2020,881,946,764,202,100,247,784,854,814,"1,004",966,985,8547
Haryana,2021,773,811,941,831,498,790,818,783,812,1006,944,926,9933
Himachal Pradesh,2001,137,131,164,156,184,207,201,167,195,227,176,165,2110
Himachal Pradesh,2002,135,138,183,176,230,241,216,220,189,176,184,193,2281
Himachal Pradesh,2003,149,145,159,160,205,207,259,239,234,189,217,196,2359
Himachal Pradesh,2004,173,183,191,207,225,231,226,208,239,230,214,188,2515
Himachal Pradesh,2005,162,143,185,166,213,241,203,261,214,218,215,180,2401
Himachal Pradesh,2006,161,161,215,229,240,209,203,193,199,224,183,199,2416
Himachal Pradesh,2007,181,167,183,207,222,227,246,220,256,256,222,195,2582
Himachal Pradesh,2008,166,132,135,179,151,174,178,166,157,210,169,165,1982
Himachal Pradesh,2009,213,252,233,236,283,299,285,257,250,272,263,235,3078
Himachal Pradesh,2010,216,205,239,253,278,310,275,257,256,246,297,245,3077
Himachal Pradesh,2011,222,215,261,245,269,283,267,249,253,272,281,282,3099
Himachal Pradesh,2012,214,191,256,243,254,274,236,270,233,219,292,217,2899
Himachal Pradesh,2013,209,202,216,254,266,234,263,235,276,273,276,277,2981
Himachal Pradesh,2014,246,191,260,234,289,295,292,329,272,302,313,302,3325
Himachal Pradesh,2015,208,187,218,219,273,291,281,246,270,304,274,239,3010
Himachal Pradesh,2016,221,217,244,284,275,290,277,296,247,311,261,245,3168
Himachal Pradesh,2017,207,220,252,245,294,252,273,285,286,268,276,256,3114
Himachal Pradesh,2018,,,,,,,,,,,,,0
Himachal Pradesh,2019,240,169,246,256,251,285,233,252,225,254,230,232,2873
Himachal Pradesh,2020,190,195,168,49,20,41,223,216,217,279,223,224,2045
Himachal Pradesh,2021,211,175,196,203,110,174,211,224,193,257,236,214,2404
Jammu & Kashmir,2001,362,485,392,372,483,448,429,410,405,423,394,408,5011
Jammu & Kashmir,2002,336,363,427,462,452,500,544,496,425,495,453,420,5373
Jammu & Kashmir,2003,401,380,423,468,535,550,635,551,509,498,517,421,5888
Jammu & Kashmir,2004,439,463,509,503,489,588,657,559,512,531,526,505,6281
Jammu & Kashmir,2005,444,291,384,412,484,573,559,499,525,518,508,472,5669
Jammu & Kashmir,2006,332,387,467,474,516,520,541,501,448,495,455,473,5609
Jammu & Kashmir,2007,447,409,466,485,505,573,537,527,505,508,461,451,5874
Jammu & Kashmir,2008,404,376,459,486,475,537,502,306,415,535,498,433,5426
Jammu & Kashmir,2009,367,364,514,460,558,503,557,560,563,600,515,451,6012
Jammu & Kashmir,2010,452,408,553,535,539,539,552,498,470,527,576,493,6142
Jammu & Kashmir,2011,394,430,500,448,645,657,648,612,610,622,565,534,6665
Jammu & Kashmir,2012,413,460,531,533,601,631,706,590,555,557,597,463,6637
Jammu & Kashmir,2013,418,355,464,530,646,617,596,574,542,652,582,479,6455
Jammu & Kashmir,2014,414,415,424,433,506,594,563,515,415,544,517,438,5778
Jammu & Kashmir,2015,406,405,406,441,537,472,554,524,514,555,521,501,5836
Jammu & Kashmir,2016,425,443,465,444,561,563,443,398,394,487,444,434,5501
Jammu & Kashmir,2017,339,371,451,411,477,496,540,488,565,513,516,457,5624
Jammu & Kashmir,2018,,,,,,,,,,,,,0
Jammu & Kashmir,2019,455,295,442,506,540,587,642,406,435,556,501,431,5796
Jammu & Kashmir,2020,361,440,356,145,18,42,410,464,467,536,520,453,4212
Jammu & Kashmir,2021,341,382,477,444,383,465,526,503,510,490,515,416,5452
Jharkhand,2001,83,76,88,95,94,70,79,88,78,81,86,77,995
Jharkhand,2002,85,41,70,91,80,69,67,80,79,75,68,75,880
Jharkhand,2003,80,42,72,90,85,70,68,89,69,70,69,76,880
Jharkhand,2004,116,99,105,122,128,102,73,125,104,106,106,109,1295
Jharkhand,2005,228,179,295,253,325,236,220,201,165,193,232,212,2739
Jharkhand,2006,322,379,400,392,335,395,400,324,312,324,359,359,4301
Jharkhand,2007,429,368,398,393,513,412,310,320,311,363,312,375,4504
Jharkhand,2008,230,203,225,278,355,333,265,201,276,299,297,297,3259
Jharkhand,2009,327,342,457,360,478,427,372,340,327,354,374,378,4536
Jharkhand,2010,252,360,357,351,383,436,365,322,333,353,336,380,4228
Jharkhand,2011,323,326,338,364,408,356,316,279,287,297,316,291,3901
Jharkhand,2012,369,374,387,457,364,396,346,355,373,381,391,432,4625
Jharkhand,2013,449,423,440,427,550,429,440,391,352,406,428,426,5161
Jharkhand,2014,399,434,418,425,454,414,391,384,341,419,373,453,4905
Jharkhand,2015,444,406,458,436,533,511,383,372,391,395,396,437,5162
Jharkhand,2016,414,428,425,419,403,419,451,395,347,392,392,447,4932
Jharkhand,2017,479,441,446,408,480,460,373,356,361,407,491,496,5198
Jharkhand,2018,,,,,,,,,,,,,0
Jharkhand,2019,465,486,440,447,428,485,465,396,371,414,396,424,5217
Jharkhand,2020,430,466,405,92,59,132,312,339,349,427,483,522,4016
Jharkhand,2021,431,445,383,352,341,370,365,394,365,415,419,448,4728
Karnataka,2001,2706,2600,2704,2816,3215,2783,2656,2539,2437,2582,2744,3078,32860
Karnataka,2002,2885,2860,2906,2995,3415,2987,2812,2875,2815,2908,2954,3249,35661
Karnataka,2003,3063,2986,2947,2940,3456,3199,2999,2994,3001,3147,3304,3475,37511
Karnataka,2004,3389,3357,3358,3180,3329,3066,3040,2893,3093,3011,3309,3726,38751
Karnataka,2005,3457,3196,3566,3339,4075,3354,3151,3018,3184,3237,3177,3519,40273
Karnataka,2006,3618,3278,3766,3693,4132,3356,3361,3473,3519,3621,3508,3955,43280
Karnataka,2007,3801,3613,3932,4274,4440,3878,3629,3619,3499,3830,3709,4110,46334
Karnataka,2008,4092,3922,4203,4295,4236,3792,3634,3555,3424,3728,3540,3831,46252
Karnataka,2009,3743,3525,3898,3843,4212,3906,3501,3551,3527,3527,3787,4170,45190
Karnataka,2010,4013,3972,4212,4105,4538,3942,3648,3382,3431,3512,3733,3732,46220
Karnataka,2011,3936,3676,3775,3707,4309,3781,3577,3437,3451,3566,3603,3878,44696
Karnataka,2012,3906,3749,3715,3963,3871,3687,3375,3561,3460,3519,3613,4029,44448
Karnataka,2013,3507,3322,3437,3403,3732,3247,2964,2981,3013,3185,3267,3533,39591
Karnataka,2014,3915,3649,3805,3577,4053,3772,3421,3428,3254,3517,3442,3861,43694
Karnataka,2015,3970,3594,3705,3657,4077,3619,3378,3334,3481,3731,3624,3841,44011
Karnataka,2016,3853,3685,3905,3966,4236,3493,3372,3543,3384,3653,3618,3695,44403
Karnataka,2017,3787,3411,3574,3601,3997,3519,3179,3308,3247,3558,3498,3863,42542
Karnataka,2018,,,,,,,,,,,,,0
Karnataka,2019,"3,696","3,513","3,551","3,584","3,732","3,600","3,030","2,895","2,902","3,171","3,364","3,620",40658
Karnataka,2020,"3,773","3,654","3,025",804,225,632,"2,332","2,797","2,843","2,995","3,357","3,678",30115
Karnataka,2021,"3,606","3,177","3,512","2,895","1,536","2,072","2,584","2,859","2,876",2964,"3,123","3,443",34647
Kerala,2001,3199,2935,2972,2912,2887,2829,2845,3012,3060,3048,3247,3493,36439
Kerala,2002,3072,2739,2643,3096,3113,2754,2731,2688,2835,2897,2908,3058,34534
Kerala,2003,2894,2485,2495,2570,2614,2526,2534,2569,2612,2852,2799,2997,31947
Kerala,2004,3661,3393,3477,3411,3239,3306,3164,3334,3399,3532,3425,3762,41103
Kerala,2005,3784,3435,3672,3594,3870,3410,3172,3452,3109,3467,3602,3728,42295
Kerala,2006,3901,3394,3711,3360,3600,3229,3139,3398,3384,3423,3516,3673,41728
Kerala,2007,3758,3459,3529,3481,3667,3145,2793,3107,2935,3207,3211,3569,39861
Kerala,2008,3433,3172,3121,3205,3210,2911,2904,2874,3077,3092,3034,3205,37238
Kerala,2009,3142,2933,3072,2877,3133,2967,2745,2851,2707,2910,2959,3161,35457
Kerala,2010,3221,2967,3180,3073,3149,2743,2641,2745,2861,2602,2897,3003,35082
Kerala,2011,3146,2929,3622,2805,3144,2767,2688,2787,2844,2476,2882,3126,35216
Kerala,2012,3262,3039,2960,2942,3159,2866,2848,2929,3025,2960,2991,3193,36174
Kerala,2013,3251,3023,3090,3113,3231,2712,2595,2772,2788,2728,2789,3123,35215
Kerala,2014,3332,2909,3005,2785,3162,2805,2834,2913,2911,2911,2963,3342,35872
Kerala,2015,3670,3306,3304,3191,3354,3078,3113,3185,3195,3227,3024,3367,39014
Kerala,2016,3688,3384,3321,3223,3385,3160,3179,3220,3267,3211,3095,3287,39420
Kerala,2017,3430,3157,3167,3175,3480,2918,3028,3143,3169,3125,3308,3370,38470
Kerala,2018,,,,,,,,,,,,,0
Kerala,2019,"3,886","3,674","3,466","3,335","3,782","3,335","3,239","2,925","3,109","3,344","3,451","3,565",41111
Kerala,2020,"3,975","3,726","2,847",439,52,149,"1,770","1,778","2,041","2,343","2,622","2,953",24695
Kerala,2021,"3,602","3,375","3,505","3,157","1,052","1,539","2,139","2,449","2,661",2950,"3,147","3,720",33296
Lakshadweep,2001,2,0,0,0,0,0,0,0,2,1,1,0,6
Lakshadweep,2002,0,0,0,0,0,0,0,0,0,0,0,0,0
Lakshadweep,2003,0,0,0,0,0,0,0,0,0,0,1,0,1
Lakshadweep,2004,0,1,0,0,0,0,0,0,0,0,1,0,2
Lakshadweep,2005,0,0,0,0,0,0,0,0,0,0,0,0,0
Lakshadweep,2006,0,0,0,0,0,0,1,0,0,0,0,0,1
Lakshadweep,2007,1,0,0,1,0,0,0,0,0,0,0,0,2
Lakshadweep,2008,0,0,0,0,0,0,0,0,0,0,0,0,0
Lakshadweep,2009,1,0,0,0,0,0,0,0,0,0,0,0,1
Lakshadweep,2010,0,0,0,0,0,0,0,0,0,0,1,0,1
Lakshadweep,2011,0,0,0,0,0,0,0,0,0,0,0,0,0
Lakshadweep,2012,0,0,0,0,0,0,0,0,0,0,0,0,0
Lakshadweep,2013,0,0,0,0,0,0,0,0,0,0,0,0,0
Lakshadweep,2014,0,0,0,0,0,0,0,0,0,1,0,0,1
Lakshadweep,2015,1,1,0,0,0,0,1,0,0,0,0,0,3
Lakshadweep,2016,0,0,0,0,0,0,1,0,0,0,0,0,1
Lakshadweep,2017,0,1,0,0,0,0,0,0,0,0,1,0,2
Lakshadweep,2018,0,0,0,0,0,0,0,0,1,0,0,0,1
Lakshadweep,2019,1,0,0,1,0,0,0,0,0,0,0,0,2
Lakshadweep,2020,0,0,0,0,0,0,1,0,0,0,0,1,2
Lakshadweep,2021,0,0,1,0,1,1,0,1,0,0,0,0,4
Madhya Pradesh,2001,1726,1584,1764,1728,1980,1649,1428,1372,1544,1650,1711,1576,19712
Madhya Pradesh,2002,1873,1871,1921,1894,2278,1987,1776,1649,1656,1927,2088,1959,22879
Madhya Pradesh,2003,1927,1763,1891,1965,2191,2064,1779,1693,1644,1923,1886,1890,22616
Madhya Pradesh,2004,2104,2048,2002,2166,2100,1970,1868,1672,1856,2039,1882,1884,23591
Madhya Pradesh,2005,1768,1797,1830,1771,2271,1931,1601,1637,1553,1902,1749,1664,21474
Madhya Pradesh,2006,2180,1967,2144,2278,2516,2159,1929,1723,1859,2050,2211,2022,25038
Madhya Pradesh,2007,2490,2288,2409,2776,2690,2482,2114,2080,2161,2323,2384,2247,28444
Madhya Pradesh,2008,3037,2883,2917,3250,3126,2718,2699,3223,2564,2958,2449,2492,34316
Madhya Pradesh,2009,2851,2742,2723,2822,3119,2742,2449,2335,2510,2829,2549,2661,32332
Madhya Pradesh,2010,2503,2494,2435,2548,2890,2682,2428,2245,2226,2583,2635,2458,30127
Madhya Pradesh,2011,2892,2547,2722,2564,3111,2533,2370,2220,2128,2544,2526,2416,30573
Madhya Pradesh,2012,2618,2475,2413,2799,2841,2631,2146,1992,2103,2420,2522,2213,29173
Madhya Pradesh,2013,2959,2801,2953,2952,3778,3026,2535,2448,2587,2741,2621,2633,34034
Madhya Pradesh,2014,3375,3154,3470,3345,4107,3637,3104,2951,2946,3261,3288,3060,39698
Madhya Pradesh,2015,4629,4125,4789,5369,5324,4718,4082,4050,4050,4723,4592,4496,54947
Madhya Pradesh,2016,5100,4798,4893,4928,5019,4426,4059,3626,3924,4686,4392,4121,53972
Madhya Pradesh,2017,4790,4291,4553,4755,5145,4553,4018,4025,4014,4398,4729,4128,53399
Madhya Pradesh,2018,,,,,,,,,,,,,0
Madhya Pradesh,2019,"5,117","4,284","4,310","4,316","4,969","4,582","4,052","3,764","3,312","3,970","4,203","3,790",50669
Madhya Pradesh,2020,"4,908","4,655","3,746",880,288,665,"3,780","3,728","3,866","4,427","4,818","4,571",40332
Madhya Pradesh,2021,"5,181","4,439","4,449","3,000","2,672","4,111","4,054","3,811","3,692",4445,"4,859","4,164",48877
Maharashtra,2001,3162,3015,3272,3332,3671,3179,2781,2755,2772,3024,3057,3249,37269
Maharashtra,2002,3424,3087,3506,3538,3970,3273,3036,2960,2881,3225,3197,3464,39561
Maharashtra,2003,3699,3373,3234,3430,3998,3584,3421,3537,3494,3774,3651,3827,43022
Maharashtra,2004,3928,3713,3677,3714,4289,3811,3430,3262,3474,3605,3693,3943,44539
Maharashtra,2005,4078,3694,3832,3877,4637,4126,3564,3410,3456,3794,3933,4185,46586
Maharashtra,2006,4062,3741,4129,4271,4881,4194,3705,3497,3705,4197,4084,4421,48887
Maharashtra,2007,4572,4318,4481,4795,5206,4400,3839,3850,3784,4090,4349,4291,51975
Maharashtra,2008,4376,4260,4479,4839,4726,4096,3738,3588,3560,3886,3854,4277,49679
Maharashtra,2009,4126,4024,4199,4373,4691,4097,3531,3737,3921,3916,3895,4355,48865
Maharashtra,2010,4383,4036,4314,4401,4861,4393,3925,3679,3938,4049,4226,4414,50619
Maharashtra,2011,4332,4052,4155,3928,4675,3976,3674,3439,3520,3511,3732,4126,47120
Maharashtra,2012,4110,3760,3896,4031,4071,3865,3539,3384,3374,3508,3523,4186,45247
Maharashtra,2013,4013,3689,3978,3798,4460,3653,3215,3081,3206,3304,3434,4032,43863
Maharashtra,2014,3978,3714,3920,3847,4258,3784,3546,3450,3298,3291,3478,3818,44382
Maharashtra,2015,5521,5390,5299,5332,5775,5240,5104,5028,5109,5241,5261,5505,63805
Maharashtra,2016,3538,3449,3590,3501,3912,3375,2950,2891,2931,3173,3024,3544,39878
Maharashtra,2017,3205,2804,3274,3100,3395,2947,2651,2593,2672,2883,2959,3370,35853
Maharashtra,2018,,,,,,,,,,,,,0
Maharashtra,2019,"3,245","2,795","3,030","2,760","3,228","2,806","2,555","2,405","2,248","2,201","2,732","2,920",32925
Maharashtra,2020,"2,919","2,737","2,232",572,303,680,"1,568","1,828","1,921","2,367","2,735","3,072",22934
Maharashtra,2021,"2,961","2,787","2,864","1,732","1,849","2,227","2,328","2,225","2,260",2579,"2,723","2,942",29477
Manipur,2001,39,31,40,48,40,14,21,26,38,41,31,41,410
Manipur,2002,51,49,44,37,41,36,50,42,42,49,39,40,520
Manipur,2003,43,40,48,43,42,44,49,48,36,44,45,41,523
Manipur,2004,34,43,41,42,40,42,20,37,36,30,45,58,468
Manipur,2005,55,57,58,48,50,45,45,38,51,47,51,55,600
Manipur,2006,50,45,51,44,44,26,36,37,35,43,61,49,521
Manipur,2007,47,46,57,51,44,42,35,31,44,44,38,59,538
Manipur,2008,56,41,39,39,34,46,32,31,45,48,42,49,502
Manipur,2009,40,54,51,41,39,39,58,37,45,58,57,59,578
Manipur,2010,74,46,49,46,41,30,44,37,54,57,62,62,602
Manipur,2011,64,66,62,63,52,58,55,54,52,50,59,56,691
Manipur,2012,67,70,64,69,57,72,62,60,58,64,58,70,771
Manipur,2013,59,46,57,58,45,46,39,40,63,67,67,84,671
Manipur,2014,61,59,66,59,62,49,49,53,73,72,59,73,735
Manipur,2015,48,57,65,59,65,56,42,38,47,59,62,73,671
Manipur,2016,58,37,76,50,45,29,34,41,40,56,37,35,538
Manipur,2017,60,51,58,50,63,67,55,54,45,51,43,75,672
Manipur,2018,,,,,,,,,,,,,0
Manipur,2019,60,51,58,50,63,67,55,54,45,51,43,75,672
Manipur,2020,56,64,53,12,1,6,33,20,30,26,43,44,388
Manipur,2021,33,30,51,36,9,18,16,29,29,25,43,47,366
Meghalaya,2001,11,15,13,20,12,11,15,12,9,21,12,10,161
Meghalaya,2002,31,26,43,40,39,31,28,33,43,56,51,44,465
Meghalaya,2003,33,31,31,31,34,37,33,32,26,27,29,29,373
Meghalaya,2004,22,21,29,24,31,21,27,30,32,43,28,20,328
Meghalaya,2005,38,30,38,18,27,26,23,25,25,33,17,30,330
Meghalaya,2006,16,10,17,10,14,16,10,21,15,18,13,16,176
Meghalaya,2007,19,19,13,13,12,10,13,9,18,5,15,11,157
Meghalaya,2008,13,9,21,25,24,16,11,18,12,12,15,15,191
Meghalaya,2009,28,24,36,24,37,23,19,23,18,25,19,38,314
Meghalaya,2010,23,22,31,24,20,23,20,20,20,14,19,21,257
Meghalaya,2011,24,25,33,18,20,20,30,22,12,25,13,19,261
Meghalaya,2012,33,31,28,38,30,31,29,61,22,25,14,13,355
Meghalaya,2013,20,24,20,14,20,21,16,9,11,14,13,12,194
Meghalaya,2014,30,27,20,25,27,28,29,24,26,22,19,24,301
Meghalaya,2015,53,50,46,50,48,46,60,54,54,47,44,54,606
Meghalaya,2016,51,74,47,39,49,38,35,67,57,42,48,73,620
Meghalaya,2017,93,103,52,46,45,69,62,49,43,30,38,45,675
Meghalaya,2018,,,,,,,,,,,,,0
Meghalaya,2019,48,54,69,50,29,38,27,41,28,39,24,35,482
Meghalaya,2020,15,16,14,4,6,10,5,6,9,16,27,34,162
Meghalaya,2021,26,25,32,26,13,12,12,10,23,19,27,20,245
Mizoram,2001,7,5,9,4,9,5,8,7,4,3,5,6,72
Mizoram,2002,6,0,4,9,3,2,2,4,3,0,2,6,41
Mizoram,2003,5,8,3,5,8,5,6,5,4,3,9,10,71
Mizoram,2004,6,0,4,8,3,2,2,2,3,0,2,6,38
Mizoram,2005,12,8,4,3,2,3,2,5,5,5,7,15,71
Mizoram,2006,11,4,7,6,6,5,2,6,3,3,9,10,72
Mizoram,2007,4,4,4,4,3,5,10,7,3,2,4,2,52
Mizoram,2008,6,7,8,7,6,9,8,5,5,6,12,8,87
Mizoram,2009,8,4,6,1,3,8,7,7,7,5,8,7,71
Mizoram,2010,14,18,20,8,13,9,6,6,9,6,8,8,125
Mizoram,2011,8,5,14,3,13,3,9,4,5,8,10,15,97
Mizoram,2012,7,10,7,6,8,2,20,4,12,13,6,15,110
Mizoram,2013,11,7,18,14,9,8,10,8,6,8,7,8,114
Mizoram,2014,10,6,15,10,11,4,10,5,6,3,7,8,95
Mizoram,2015,10,7,5,6,6,8,5,4,5,2,6,6,70
Mizoram,2016,8,9,6,11,6,4,6,6,7,6,6,8,83
Mizoram,2017,8,9,6,11,6,4,6,6,7,6,6,8,83
Mizoram,2018,2,3,7,7,4,7,5,3,8,3,7,6,62
Mizoram,2019,2,3,7,7,4,7,5,3,8,3,7,6,62
Mizoram,2020,7,5,5,1,1,2,5,2,2,1,7,6,44
Mizoram,2021,5,5,14,5,8,4,4,3,3,1,8,9,69
Nagaland,2001,4,5,7,9,6,8,5,2,4,3,1,6,60
Nagaland,2002,5,1,1,3,3,4,2,1,3,2,2,7,34
Nagaland,2003,4,8,4,8,5,4,5,3,2,4,5,4,56
Nagaland,2004,7,8,5,7,0,3,12,6,3,7,6,4,68
Nagaland,2005,1,8,5,4,0,8,4,5,3,10,2,3,53
Nagaland,2006,7,6,8,7,6,9,6,6,5,5,4,8,77
Nagaland,2007,7,7,10,7,7,4,6,6,1,8,3,9,75
Nagaland,2008,8,10,12,8,10,13,16,3,10,10,12,14,126
Nagaland,2009,3,4,3,1,5,6,8,4,1,7,1,4,47
Nagaland,2010,10,10,2,1,2,6,1,5,2,3,1,1,44
Nagaland,2011,3,3,7,3,4,2,1,0,2,4,2,1,32
Nagaland,2012,5,4,4,4,4,4,1,1,3,3,5,4,42
Nagaland,2013,4,6,2,3,2,4,3,6,4,3,2,0,39
Nagaland,2014,3,2,2,4,2,0,1,3,0,4,0,7,28
Nagaland,2015,4,2,4,3,1,3,13,4,3,8,3,6,54
Nagaland,2016,8,9,6,11,6,4,6,6,7,6,6,8,83
Nagaland,2017,8,9,6,11,6,4,6,6,7,6,6,8,83
Nagaland,2018,,,,,,,,,,,,,0
Nagaland,2019,44,25,38,32,27,28,27,32,17,32,29,27,358
Nagaland,2020,5,3,6,7,2,2,3,1,2,73,85,74,263
Nagaland,2021,79,48,87,57,36,44,53,69,73,67,74,59,746
Odisha,2001,573,546,575,593,631,528,449,460,502,486,555,508,6406
Odisha,2002,563,520,643,595,656,592,559,495,518,568,554,587,6850
Odisha,2003,558,583,594,573,619,567,566,493,500,510,530,582,6675
Odisha,2004,649,611,684,578,636,624,548,476,577,579,627,689,7278
Odisha,2005,670,684,684,679,820,594,609,544,546,538,633,592,7593
Odisha,2006,831,614,702,651,700,651,599,522,533,534,600,792,7729
Odisha,2007,835,573,722,719,720,638,671,573,569,696,719,779,8214
Odisha,2008,752,716,771,794,784,651,644,570,577,600,598,727,8184
Odisha,2009,767,756,745,740,776,846,582,675,685,702,763,855,8892
Odisha,2010,860,804,827,729,886,816,728,719,698,745,778,823,9413
Odisha,2011,841,807,890,779,932,825,763,711,547,710,736,857,9398
Odisha,2012,811,745,839,781,818,786,756,671,665,727,755,931,9285
Odisha,2013,911,806,912,765,999,809,757,677,707,619,799,919,9680
Odisha,2014,896,826,851,726,852,828,756,693,660,776,854,922,9640
Odisha,2015,973,899,999,900,927,938,768,743,758,782,862,993,10542
Odisha,2016,1007,869,953,893,930,905,745,798,753,762,882,1035,10532
Odisha,2017,992,735,1037,905,993,956,846,782,762,908,886,1053,10855
Odisha,2018,,,,,,,,,,,,,0
Odisha,2019,"1,092",936,"1,037",883,954,901,887,815,700,875,940,"1,044",11064
Odisha,2020,504,462,375,232,115,248,343,362,431,914,"1,003","1,193",6182
Odisha,2021,"1,098","1,029","1,099",865,655,824,836,804,830,893,950,"1,100",10983
Puducherry,2001,109,89,122,107,122,106,107,107,97,105,111,104,1286
Puducherry,2002,101,110,131,121,126,140,141,128,120,131,111,124,1484
Puducherry,2003,103,122,142,123,138,131,133,156,147,134,114,143,1586
Puducherry,2004,137,139,143,126,127,124,145,146,144,161,114,127,1633
Puducherry,2005,152,164,150,153,138,145,162,159,148,143,121,145,1780
Puducherry,2006,120,124,166,125,148,132,125,161,151,130,122,135,1639
Puducherry,2007,149,126,157,165,138,153,152,139,156,131,149,129,1744
Puducherry,2008,127,145,152,153,162,151,142,154,136,155,91,130,1698
Puducherry,2009,148,130,153,148,155,147,126,135,146,160,126,124,1698
Puducherry,2010,114,132,132,119,126,141,151,127,130,139,104,114,1529
Puducherry,2011,122,105,119,112,116,109,137,144,140,149,117,110,1480
Puducherry,2012,128,125,159,103,133,131,126,119,115,124,119,128,1510
Puducherry,2013,102,108,120,139,127,128,126,125,134,129,106,107,1451
Puducherry,2014,44,64,65,46,59,57,60,58,62,75,44,37,671
Puducherry,2015,137,108,121,132,141,125,138,131,127,115,129,126,1530
Puducherry,2016,145,141,143,142,115,135,160,166,164,178,140,137,1766
Puducherry,2017,136,132,148,129,140,150,150,140,145,152,137,65,1624
Puducherry,2018,145,141,143,142,115,135,160,166,164,178,140,137,1766
Puducherry,2019,128,125,159,103,133,131,126,119,115,124,119,128,1510
Puducherry,2020,120,124,166,125,148,132,125,161,151,130,122,135,1639
Puducherry,2021,100,92,91,89,62,87,87,85,92,91,83,90,1049
Punjab,2001,130,160,162,159,154,135,146,144,135,165,156,162,1808
Punjab,2002,130,128,122,115,110,130,138,123,134,118,133,127,1508
Punjab,2003,101,85,107,124,135,142,149,152,147,167,151,143,1603
Punjab,2004,167,181,163,162,160,163,166,160,195,188,170,161,2036
Punjab,2005,115,196,175,159,167,157,243,151,181,178,210,220,2152
Punjab,2006,185,182,165,163,182,200,173,187,207,211,187,209,2251
Punjab,2007,211,179,192,180,187,190,183,203,232,213,214,207,2391
Punjab,2008,230,191,176,224,197,191,190,177,184,225,221,188,2394
Punjab,2009,225,237,214,221,191,238,209,206,217,236,256,234,2684
Punjab,2010,219,195,209,219,200,200,201,187,180,196,214,219,2439
Punjab,2011,517,602,531,536,510,521,522,536,491,585,572,573,6496
Punjab,2012,525,550,529,527,502,535,505,480,483,519,610,563,6328
Punjab,2013,503,464,555,552,533,487,467,458,482,573,665,584,6323
Punjab,2014,495,493,555,524,563,535,491,519,489,568,595,564,6391
Punjab,2015,476,507,545,552,556,545,554,527,544,657,639,600,6702
Punjab,2016,549,557,577,591,628,584,515,538,489,658,704,562,6952
Punjab,2017,515,536,593,545,497,493,492,448,472,588,542,552,6273
Punjab,2018,,,,,,,,,,,,,0
Punjab,2019,523,464,515,584,503,526,442,505,537,624,600,525,6348
Punjab,2020,336,352,275,144,109,258,342,295,332,559,601,498,4101
Punjab,2021,448,465,485,471,401,435,483,484,492,590,586,531,5871
Rajasthan,2001,1733,1678,1755,1750,1937,1778,1485,1606,1562,1626,1583,1506,19999
Rajasthan,2002,1506,1567,1707,1738,1978,1878,1747,1632,1836,1716,1696,1570,20571
Rajasthan,2003,1795,1664,1707,1762,2101,1967,1837,1779,1840,1977,1907,1597,21933
Rajasthan,2004,1933,1939,1999,2124,2161,2021,1815,1697,1944,1889,2057,1664,23243
Rajasthan,2005,1804,1715,1971,1964,2429,2123,1920,1844,1843,1920,2055,1527,23115
Rajasthan,2006,1948,1926,2052,2110,2438,1998,1901,1726,1776,1984,1855,1634,23348
Rajasthan,2007,2051,1918,2054,2252,2270,1931,1822,1935,1945,2018,2084,1605,23885
Rajasthan,2008,2020,1935,1872,2111,2243,1936,1856,1829,2132,2135,2055,1580,23704
Rajasthan,2009,1983,2014,2172,2235,2438,2285,2026,2033,2084,2121,2011,1712,25114
Rajasthan,2010,2074,2024,2138,2140,2298,2163,1974,1799,1782,1961,2090,1859,24302
Rajasthan,2011,2045,1881,2006,1986,2341,2026,1859,1821,1815,1906,1957,1602,23245
Rajasthan,2012,2048,1914,1972,1978,2116,2043,1972,1773,1670,1873,1913,1697,22969
Rajasthan,2013,2034,1821,1963,2046,2305,2109,1822,1679,1944,2013,2095,1755,23586
Rajasthan,2014,2143,1951,2130,2053,2484,2213,1976,1888,1839,2035,2104,1823,24639
Rajasthan,2015,1878,2023,2018,2125,2347,2117,1889,1803,1981,2020,2046,1825,24072
Rajasthan,2016,2093,1912,2065,2088,2172,1921,1971,1691,1818,1881,1846,1608,23066
Rajasthan,2017,1947,1813,1947,1909,2116,1877,1677,1728,1724,1861,1927,1586,22112
Rajasthan,2018,,,,,,,,,,,,,0
Rajasthan,2019,"2,189","1,818","2,049","1,961","2,338","2,253","1,997","1,743","1,664","1,838","1,962","1,668",23480
Rajasthan,2020,837,915,768,372,220,543,779,749,797,"1,853","1,982","1,912",11727
Rajasthan,2021,"2,141","1,914","1,982","1,673",991,"1,410","1,686","1,784","1,701",1872,"2,019","1,778",20951
Sikkim,2001,9,1,6,5,3,5,0,6,6,5,7,2,55
Sikkim,2002,43,23,50,11,34,40,29,17,25,24,24,31,351
Sikkim,2003,10,10,8,11,16,16,8,13,8,7,11,13,131
Sikkim,2004,8,15,12,8,15,22,11,7,11,25,11,14,159
Sikkim,2005,10,19,13,15,17,16,8,23,12,21,20,15,189
Sikkim,2006,4,5,6,1,3,1,3,3,1,3,6,3,39
Sikkim,2007,10,7,21,7,12,12,10,12,8,16,12,23,150
Sikkim,2008,13,28,16,10,8,13,6,26,13,26,25,12,196
Sikkim,2009,57,39,28,100,43,47,29,41,46,34,50,50,564
Sikkim,2010,16,17,18,19,11,18,15,11,18,10,21,12,186
Sikkim,2011,17,9,22,19,3,7,11,8,8,12,6,7,129
Sikkim,2012,14,7,8,10,9,15,10,11,10,12,10,7,123
Sikkim,2013,16,17,33,24,24,17,18,21,17,20,16,21,244
Sikkim,2014,9,6,15,13,13,11,14,11,19,6,9,4,130
Sikkim,2015,26,21,24,18,20,21,17,19,16,11,9,17,219
Sikkim,2016,23,13,15,17,19,17,10,15,18,24,18,21,210
Sikkim,2017,15,19,28,18,28,13,8,18,10,13,17,9,196
Sikkim,2018,,,,,,,,,,,,,0
Sikkim,2019,14,7,13,15,13,9,10,11,19,19,11,21,162
Sikkim,2020,6,6,3,2,2,1,0,4,2,14,18,15,73
Sikkim,2021,16,19,15,14,12,8,5,11,3,6,34,12,155
Tamil Nadu,2001,4174,4264,4724,4442,4465,4453,4370,4437,4378,3985,4261,4025,51978
Tamil Nadu,2002,4326,4300,4703,4788,4935,4609,4434,4523,4500,4273,3883,4229,53503
Tamil Nadu,2003,4278,4114,4341,3928,4244,4378,4177,4337,4555,4397,3973,4303,51025
Tamil Nadu,2004,4160,4252,4457,4421,4540,4495,4373,4696,4506,4282,4136,4190,52508
Tamil Nadu,2005,9062,8705,9205,9006,9330,5691,4235,4158,4450,4082,3601,3955,75480
Tamil Nadu,2006,4435,4322,4781,4808,5082,5029,4365,4891,4575,4320,4007,4530,55145
Tamil Nadu,2007,4855,4527,4911,5348,5414,4978,4841,5320,4850,4758,4730,4585,59117
Tamil Nadu,2008,4962,4626,5018,5465,5532,5087,4947,5436,4956,4862,4833,4685,60409
Tamil Nadu,2009,4950,4802,4927,4956,5406,5241,4975,5227,5332,5288,4723,4967,60794
Tamil Nadu,2010,5498,5199,5727,5663,6027,5393,5221,5367,5349,5426,5179,4947,64996
Tamil Nadu,2011,5522,5228,5821,5461,6018,5879,5706,5162,5688,5107,4937,5344,65873
Tamil Nadu,2012,5868,5646,5813,5819,5896,5646,5688,5815,5283,5444,5367,5472,67757
Tamil Nadu,2013,5881,5337,5741,5599,5914,5593,5311,5470,5597,5313,5268,5214,66238
Tamil Nadu,2014,5658,5293,5824,5303,5711,5915,5719,5936,5777,5516,5036,5562,67250
Tamil Nadu,2015,6056,5723,5848,5546,5944,5818,5519,5912,5956,5977,5406,5354,69059
Tamil Nadu,2016,6184,6160,6227,5993,6012,5953,5797,6295,6055,5977,5282,5496,71431
Tamil Nadu,2017,5752,5288,5716,5251,5715,5623,5737,5640,5302,5484,4908,5146,65562
Tamil Nadu,2018,,,,,,,,,,,,,0
Tamil Nadu,2019,"5,173","4,749","5,122","4,776","4,962","5,209","4,813","4,767","4,626","4,708","4,262","4,061",57228
Tamil Nadu,2020,771,732,610,688,119,471,622,800,858,"4,799","4,828","4,764",20062
Tamil Nadu,2021,"5,322","5,300","5,543","4,628","2,384","3,291","4,592","4,977","4,941",4899,"4,741","5,064",55682
Tripura,2001,53,52,63,44,36,55,50,37,36,41,35,42,544
Tripura,2002,47,38,56,44,60,54,65,51,54,42,59,54,624
Tripura,2003,73,51,51,45,57,52,61,51,60,64,61,50,676
Tripura,2004,49,42,57,44,56,58,54,53,39,63,66,64,645
Tripura,2005,57,55,53,42,54,65,52,54,59,61,48,62,662
Tripura,2006,70,50,62,67,74,52,69,55,68,73,80,73,793
Tripura,2007,59,85,70,66,69,67,51,58,71,60,58,87,801
Tripura,2008,51,56,66,70,72,55,64,74,78,65,57,59,767
Tripura,2009,68,93,78,61,77,63,55,76,65,63,72,94,865
Tripura,2010,76,66,81,77,65,68,72,77,86,72,83,78,901
Tripura,2011,85,57,81,64,55,67,54,72,50,78,79,92,834
Tripura,2012,83,85,69,72,82,66,65,70,75,76,64,81,888
Tripura,2013,66,50,63,72,64,70,69,61,68,76,81,78,818
Tripura,2014,65,74,81,63,72,46,64,53,54,60,38,46,716
Tripura,2015,47,42,57,44,51,51,53,53,64,62,59,64,647
Tripura,2016,65,47,59,50,53,32,46,34,36,50,45,40,557
Tripura,2017,42,40,39,43,54,35,39,36,44,37,42,52,503
Tripura,2018,,,,,,,,,,,,,0
Tripura,2019,70,62,47,38,59,54,50,55,50,50,63,57,655
Tripura,2020,25,21,25,8,4,9,8,11,16,40,40,58,265
Tripura,2021,47,35,60,47,27,25,30,41,37,36,39,55,479
Uttar Pradesh,2001,1695,1737,1652,1663,1733,1027,1310,1478,1626,1439,1231,1330,17921
Uttar Pradesh,2002,1237,1164,1270,1194,1349,1363,1169,1113,1099,1100,1233,1166,14457
Uttar Pradesh,2003,1049,955,911,868,996,908,873,815,794,938,1065,1182,11354
Uttar Pradesh,2004,1309,1309,1285,1004,1174,1062,1093,1227,1164,1201,1198,1348,14374
Uttar Pradesh,2005,1266,1220,1334,1114,1422,1302,1182,1251,1080,1107,1153,1258,14689
Uttar Pradesh,2006,1608,1605,1389,1160,1280,1343,1201,1252,1226,1204,1227,1712,16207
Uttar Pradesh,2007,1647,1570,1568,1495,1511,1461,1443,1392,1394,1393,1514,1643,18031
Uttar Pradesh,2008,1799,1624,1664,1555,1478,1483,1528,1411,1489,1569,1631,1833,19064
Uttar Pradesh,2009,2010,1758,1834,1802,1912,1747,1683,1754,1694,1791,2071,1929,21985
Uttar Pradesh,2010,2213,2123,2284,2060,2171,2320,2022,1914,1862,1929,2131,2387,25416
Uttar Pradesh,2011,2045,2088,2145,1905,2178,2189,1842,1948,1879,1909,2150,2235,24513
Uttar Pradesh,2012,2101,2030,2100,2066,2380,2167,2037,1759,1670,1803,2055,2310,24478
Uttar Pradesh,2013,2290,2150,2235,2225,2554,2227,2035,1951,1871,1922,2149,2366,25975
Uttar Pradesh,2014,2550,2311,2217,2067,2265,2209,2086,2017,1824,2023,2170,2325,26064
Uttar Pradesh,2015,2091,2531,2899,2599,3340,2888,2631,2485,2651,2536,2519,3215,32385
Uttar Pradesh,2016,2421,2931,3562,3226,3362,2925,3034,2818,2595,2975,2908,2855,35612
Uttar Pradesh,2017,2524,2543,3510,3277,3923,3702,3098,2998,2822,3336,3463,3587,38783
Uttar Pradesh,2018,,,,,,,,,,,,,0
Uttar Pradesh,2019,"3,481","3,314","3,991","3,512","4,223","4,143","3,432","3,304","2,855","3,172","3,699","3,446",42572
Uttar Pradesh,2020,"1,603","2,013","1,701",764,438,"1,185","1,493","1,562","1,570","3,194","3,552","3,882",22957
Uttar Pradesh,2021,"3,069","2,990","3,577","2,707","2,865","3,149","3,165","2,991","2,937",3159,"3,516","3,604",37729
Uttarakhand,2001,78,88,83,74,94,84,86,81,82,74,84,95,1003
Uttarakhand,2002,87,76,79,106,111,121,85,97,68,94,96,97,1117
Uttarakhand,2003,80,87,78,91,120,106,113,106,84,105,106,110,1186
Uttarakhand,2004,113,99,103,97,115,122,110,81,81,105,114,112,1252
Uttarakhand,2005,120,94,96,89,129,141,106,93,112,99,124,129,1332
Uttarakhand,2006,108,118,149,124,100,116,124,115,110,135,116,146,1461
Uttarakhand,2007,133,116,124,134,148,136,119,118,131,104,116,143,1522
Uttarakhand,2008,138,126,138,119,133,125,143,73,81,108,116,109,1409
Uttarakhand,2009,99,112,101,134,115,137,124,101,91,99,133,137,1383
Uttarakhand,2010,86,108,128,127,125,145,148,128,95,129,136,124,1479
Uttarakhand,2011,114,118,119,124,135,133,112,100,115,125,149,151,1495
Uttarakhand,2012,112,152,122,137,127,138,108,123,82,118,125,111,1455
Uttarakhand,2013,84,91,118,102,167,120,94,81,104,112,97,127,1297
Uttarakhand,2014,58,43,65,64,77,62,61,72,69,83,76,71,801
Uttarakhand,2015,116,129,119,109,139,123,103,114,123,160,144,144,1523
Uttarakhand,2016,125,128,144,159,140,141,134,107,118,139,118,138,1591
Uttarakhand,2017,2524,2543,3510,3277,3923,3702,3098,2998,2822,3336,3463,3587,38783
Uttarakhand,2018,,,,,,,,,,,,,0
Uttarakhand,2019,121,109,105,107,128,134,124,108,85,100,100,131,1352
Uttarakhand,2020,75,73,67,12,4,28,50,51,53,111,112,133,769
Uttarakhand,2021,142,129,150,95,59,84,114,103,134,114,154,127,1405
West Bengal,2001,897,908,948,1039,952,972,915,990,953,823,935,1098,11430
West Bengal,2002,894,932,942,1041,911,854,915,919,922,961,940,1006,11237
West Bengal,2003,916,930,1084,975,909,980,1054,934,945,823,842,983,11375
West Bengal,2004,1044,1001,1197,1085,1086,1043,964,900,869,977,898,1088,12152
West Bengal,2005,1036,1061,1084,1035,1096,1049,998,926,887,975,979,1055,12181
West Bengal,2006,1112,1093,1187,1053,1124,1153,1011,1105,1009,1026,1081,1131,13085
West Bengal,2007,1134,1051,1275,1240,1157,1269,1176,1050,1165,1133,1068,1236,13954
West Bengal,2008,974,919,1097,1013,1069,1000,875,924,908,941,880,947,11547
West Bengal,2009,1231,1150,1183,1101,1158,1180,1162,1104,1171,1161,1176,1182,13959
West Bengal,2010,1245,1150,1349,1246,1172,1284,1231,1190,1128,1227,1251,1252,14725
West Bengal,2011,1350,1179,1314,1148,1220,1241,1185,1074,1112,1214,1161,1270,14468
West Bengal,2012,1346,1383,1357,1270,1352,1434,1349,1204,1112,1251,1179,1371,15608
West Bengal,2013,1564,1382,1474,1392,1629,1391,1315,1208,1228,1299,1335,1332,16549
West Bengal,2014,1516,1398,1473,1385,1527,1439,1416,1356,1391,1395,1415,1394,17105
West Bengal,2015,1185,1038,1184,1054,1205,1139,1041,973,1081,1111,1111,1086,13208
West Bengal,2016,1146,1133,1170,1092,1250,1250,1150,1076,1085,1101,1017,1110,13580
West Bengal,2017,1087,993,1085,1010,1035,1036,888,819,922,920,947,889,11631
West Bengal,2018,,,,,,,,,,,,,0
West Bengal,2019,828,788,817,797,767,801,921,832,821,910,880,996,10158
West Bengal,2020,567,494,436,213,116,191,371,386,427,960,"1,003",965,6129
West Bengal,2021,"1,190","1,040","1,093",937,734,818,968,997,940,1049,"1,065","1,106",11937
